[{"id":1,"description":"Iva","creationDate":"Nov 11, 2025, 12:00:00 AM","deliveryDate":"Dec 25, 2025, 12:00:00 AM","status":"Completada","customer":"Caramelos","document":{"typeDocument":"Iva","status":"Incompleto","name":"Iva","reviewDay":"Nov 20, 2025, 12:00:00 AM","details":"Sin detalles"},"assignedTo":"Paulo"},{"id":2,"description":"Detalles","creationDate":"Nov 11, 2025, 12:00:00 AM","deliveryDate":"Dec 1, 2025, 12:00:00 AM","status":"Incompleto","customer":"Caramelos","document":{"typeDocument":"Detalles","status":"Incompleto","name":"Detalles","reviewDay":"Nov 25, 2025, 12:00:00 AM","details":"Sin Detalles"},"assignedTo":"Paulo"}]