<?xml version="1.0" encoding="UTF-8"?>
<project-private xmlns="http://www.netbeans.org/ns/project-private/1">
    <editor-bookmarks xmlns="http://www.netbeans.org/ns/editor-bookmarks/2" lastBookmarkId="0"/>
    <open-files xmlns="http://www.netbeans.org/ns/projectui-open-files/2">
        <group>
            <file>file:/C:/Users/EYS/Desktop/paulo__/Tercero/POO/Proyecto/AlertSystem/src/ec/edu/espe/AlertSystem/model/Address.java</file>
            <file>file:/C:/Users/EYS/Desktop/paulo__/Tercero/POO/Proyecto/AlertSystem/src/ec/edu/espe/AlertSystem/model/Assistant.java</file>
            <file>file:/C:/Users/EYS/Desktop/paulo__/Tercero/POO/Proyecto/AlertSystem/src/ec/edu/espe/AlertSystem/model/Boss.java</file>
            <file>file:/C:/Users/EYS/Desktop/paulo__/Tercero/POO/Proyecto/AlertSystem/src/ec/edu/espe/AlertSystem/model/Business.java</file>
            <file>file:/C:/Users/EYS/Desktop/paulo__/Tercero/POO/Proyecto/AlertSystem/src/ec/edu/espe/AlertSystem/model/Document.java</file>
            <file>file:/C:/Users/EYS/Desktop/paulo__/Tercero/POO/Proyecto/AlertSystem/src/ec/edu/espe/AlertSystem/model/Invoice.java</file>
            <file>file:/C:/Users/EYS/Desktop/paulo__/Tercero/POO/Proyecto/AlertSystem/src/ec/edu/espe/AlertSystem/model/NaturalPerson.java</file>
            <file>file:/C:/Users/EYS/Desktop/paulo__/Tercero/POO/Proyecto/AlertSystem/src/ec/edu/espe/AlertSystem/model/PerformanceIndicator.java</file>
            <file>file:/C:/Users/EYS/Desktop/paulo__/Tercero/POO/Proyecto/AlertSystem/src/ec/edu/espe/AlertSystem/model/Task.java</file>
            <file>file:/C:/Users/EYS/Desktop/paulo__/Tercero/POO/Proyecto/AlertSystem/src/ec/edu/espe/AlertSystem/controller/LoginController.java</file>
            <file>file:/C:/Users/EYS/Desktop/paulo__/Tercero/POO/Proyecto/AlertSystem/src/ec/edu/espe/AlertSystem/view/LoginView.java</file>
            <file>file:/C:/Users/EYS/Desktop/paulo__/Tercero/POO/Proyecto/AlertSystem/src/ec/edu/espe/AlertSystem/view/Main.java</file>
            <file>file:/C:/Users/EYS/Desktop/paulo__/Tercero/POO/Proyecto/AlertSystem/src/ec/edu/espe/AlertSystem/util/DataManager.java</file>
            <file>file:/C:/Users/EYS/Desktop/paulo__/Tercero/POO/Proyecto/AlertSystem/src/ec/edu/espe/AlertSystem/controller/NaturalPersonController.java</file>
            <file>file:/C:/Users/EYS/Desktop/paulo__/Tercero/POO/Proyecto/AlertSystem/src/ec/edu/espe/AlertSystem/controller/BusinessController.java</file>
            <file>file:/C:/Users/EYS/Desktop/paulo__/Tercero/POO/Proyecto/AlertSystem/src/ec/edu/espe/AlertSystem/view/BossView.java</file>
            <file>file:/C:/Users/EYS/Desktop/paulo__/Tercero/POO/Proyecto/AlertSystem/src/ec/edu/espe/AlertSystem/controller/TaskController.java</file>
        </group>
    </open-files>
</project-private>
